{
    "translate0": [
        0.0,
        0.0
    ],
    "twist0": [
        0.0
    ],
    "translate1": [
        0.008565760676907997,
        0.007470681485174323
    ],
    "twist1": [
        7.444276703513355e-05
    ],
    "shape0": [
        0.003498979590036752,
        0.0009600571864922011,
        0.012645169867216477,
        0.00533004432650032,
        -0.008585048301086667,
        -0.004726844891435502,
        -0.006660292663809819,
        -0.00887601129038506,
        -0.0010574918200641217
    ],
    "shape1": [
        -8.524741131358717e-05,
        -1.4793346070465628e-05,
        -0.0001681963044761906,
        -0.0018676450959793482,
        -0.007129497637078898,
        0.006054896076997423,
        0.005087205227720062,
        0.003365593410056311
    ]
}