{
    "translate0": [
        0.0,
        0.0
    ],
    "twist0": [
        0.0
    ],
    "translate1": [
        -0.017168427349727275,
        -0.023313146545846868
    ],
    "twist1": [
        0.012056513943495988
    ],
    "shape0": [
        0.03741085953871315,
        -0.005047067085049599,
        0.01759871044009477,
        0.007487416632424054,
        0.01758470035104201,
        -0.004778999506248243,
        0.008220021990212371,
        -0.013317530329478647,
        0.004572131909842799
    ]
}