{
    "translate0": [
        0.0,
        0.0
    ],
    "twist0": [
        0.0
    ],
    "translate1": [
        -0.008027050582676387,
        0.011006704241720731
    ],
    "twist1": [
        0.0009264384440375664
    ],
    "shape0": [
        -0.0028399750235817782,
        -0.003191830777656273,
        0.002122610596465082,
        -0.00027793708192806564,
        0.00209348708298589,
        3.12625889910316e-05,
        0.002575642829425122,
        0.0008550380185755038,
        -0.012375002475000002
    ],
    "shape1": [
        0.0023134625814329665,
        0.00021994760621386121,
        -0.0003081712888895283,
        -0.00019766938426014335,
        -0.0003478154257818025,
        0.0001301094792432656,
        0.002443748214565251,
        -0.0018956325902241972
    ]
}