{
    "translate0": [
        0.0,
        0.0
    ],
    "twist0": [
        0.0
    ],
    "translate1": [
        0.005805886461704236,
        -0.04177571668781554
    ],
    "twist1": [
        4.147836552389528e-05
    ],
    "shape0": [
        0.03524878631691447,
        0.02664239309976698,
        0.032671462219810474,
        0.014372187709459215,
        0.01124263180599644,
        -0.0068738962920650605,
        -0.01391336290764199,
        -0.027673973657336336,
        -0.02690667507010014
    ],
    "shape1": [
        0.04376131415387483,
        0.02844403014274288,
        0.02790128322681023,
        0.023127289586983384,
        0.02021763773329564,
        0.02438991145493264,
        0.028817469801432533,
        0.044596525153502105
    ]
}