{
    "translate0": [
        0.0,
        0.0
    ],
    "twist0": [
        0.0
    ],
    "translate1": [
        0.0012263150614518405,
        -0.006187501237500001
    ],
    "twist1": [
        0.0004125544754748981
    ],
    "shape0": [
        0.001096817294987953,
        -0.00022153608718688967,
        0.0005146989702371449,
        -0.00011747882929593317,
        0.0010226377029313423,
        3.346816649834691e-05,
        0.001074453589041804,
        0.00020557642598716745,
        0.002578864004299091
    ],
    "shape1": [
        9.424268620047827e-05,
        1.552375444934219e-05,
        -3.3600880743540975e-05,
        -4.002808981518905e-05,
        -0.0002046860895384698,
        -0.002364003994807753,
        -0.0022520642334153576,
        0.0012675394669112016
    ]
}