{
    "translate0": [
        0.0,
        0.0
    ],
    "twist0": [
        0.0
    ],
    "translate1": [
        -0.0005395186389935682,
        0.0014819948822561424
    ],
    "twist1": [
        0.0014352586384587583
    ],
    "shape0": [
        0.004243879630404336,
        -0.001827549280537363,
        1.4374142561304179e-05,
        -0.0029122083896200666,
        0.00036903406413236746,
        0.00030590463997012325,
        8.57557082092971e-05,
        2.7523149444370474e-05,
        -9.016118894832826e-05,
        -2.0210861216435925e-05,
        -7.920559521890582e-05,
        -1.9296085597725258e-05,
        -0.0002295352173936474,
        -2.0968212281831405e-05,
        -0.00014942815157483415,
        -2.1835110644583275e-05,
        -5.29490315392399e-05,
        -8.572478896559242e-05,
        0.000440028464818684,
        -0.00024033305775302216,
        0.0010716660724700738,
        0.0010716660724700738,
        -0.001436356931183539,
        -0.001436356931183539,
        0.0003242639204188414,
        0.0003242639204188414,
        7.07535670218689e-05,
        7.07535670218689e-05,
        -2.0830166546612058e-05,
        -2.0830166546612058e-05,
        -2.028065386245465e-05,
        -2.028065386245465e-05,
        -0.00012570722232725214,
        -0.00012570722232725214,
        -0.00016641345669060742,
        -0.00016641345669060742,
        -0.00010798019964221093,
        -0.00010798019964221093,
        0.00020661726588230817,
        0.00020661726588230817,
        -0.00999849264288154,
        -0.006167144546114553,
        0.009999580965256754,
        0.009971546964646635,
        -0.00018164723959118178,
        -4.7443717206202223e-05,
        -0.0001027135892769164,
        -6.930641192486269e-05,
        -5.0174848415404274e-05,
        -2.1866815649020273e-05,
        -7.592978395380608e-05,
        -8.296955079092664e-06,
        -0.0001029547846007858,
        -5.469397888356687e-05,
        -7.853070977027164e-05,
        -6.170568470249471e-05,
        0.00040885238474859764,
        -3.651463697737618e-05,
        -0.0023941891886521895,
        0.0011513170406636296,
        -0.00030184405605895604,
        -0.00030184405605895604,
        0.009823580729191908,
        0.009823580729191908,
        -8.189444165622627e-05,
        -8.189444165622627e-05,
        -9.041235709158761e-05,
        -9.041235709158761e-05,
        -2.9387431861746036e-05,
        -2.9387431861746036e-05,
        -2.1633670292340137e-05,
        -2.1633670292340137e-05,
        -3.173844389453099e-05,
        -3.173844389453099e-05,
        -1.305092590111287e-05,
        -1.305092590111287e-05,
        0.0003411599588563368,
        0.0003411599588563368,
        -0.0007018548303431961,
        -0.0007018548303431961,
        0.001226411289668385,
        -0.0009344785789177403,
        0.00029197542492668816,
        -0.00138495929889277,
        0.00018099345280324025,
        0.00013020861134232156,
        3.548358070325832e-05,
        3.5327527126035417e-06,
        -3.869242365385491e-05,
        -3.769011806465721e-06
    ],
    "shape1": [
        0.004243879630404336,
        -0.0018275492805373823,
        1.4374142561304179e-05,
        -0.0029122083896200666,
        0.00036903406413236746,
        0.00030590463997012325,
        8.57557082092971e-05,
        2.7523149444370474e-05,
        -9.016118894832826e-05,
        -2.0210861216435925e-05,
        -7.920559521890582e-05,
        -1.9296085597725258e-05,
        -0.0002295352173936474,
        -2.0968212281831405e-05,
        -0.00014942815157483415,
        -2.1835110644583275e-05,
        -5.29490315392399e-05,
        -8.572478896559242e-05,
        0.000440028464818684,
        -0.00024033305775302216,
        0.0010716660724700738,
        0.0010716660724700738,
        -0.001436356931183539,
        -0.001436356931183539,
        0.0003242639204188414,
        0.0003242639204188414,
        7.07535670218689e-05,
        7.07535670218689e-05,
        -2.0830166546612058e-05,
        -2.0830166546612058e-05,
        -2.028065386245465e-05,
        -2.028065386245465e-05,
        -0.00012570722232725214,
        -0.00012570722232725214,
        -0.00016641345669060742,
        -0.00016641345669060742,
        -0.00010798019964221093,
        -0.00010798019964221093,
        0.00020661726588230817,
        0.00020661726588230817,
        -0.009998492642881543,
        -0.006167144546114522,
        0.009999580965256754,
        0.009971546964646635,
        -0.00018164723959118178,
        -4.7443717206202223e-05,
        -0.0001027135892769164,
        -6.930641192486269e-05,
        -5.0174848415404274e-05,
        -2.1866815649020273e-05,
        -7.592978395380608e-05,
        -8.296955079092664e-06,
        -0.0001029547846007858,
        -5.469397888356687e-05,
        -7.853070977027164e-05,
        -6.170568470249471e-05,
        0.00040885238474859764,
        -3.651463697737618e-05,
        -0.0023941891886521895,
        0.0011513170406636296,
        -0.00030184405605895604,
        -0.00030184405605895604,
        0.009823580729191908,
        0.009823580729191908,
        -8.189444165622627e-05,
        -8.189444165622627e-05,
        -9.041235709158761e-05,
        -9.041235709158761e-05,
        -2.9387431861746036e-05,
        -2.9387431861746036e-05,
        -2.1633670292340137e-05,
        -2.1633670292340137e-05,
        -3.173844389453099e-05,
        -3.173844389453099e-05,
        -1.305092590111287e-05,
        -1.305092590111287e-05,
        0.0003411599588563368,
        0.0003411599588563368,
        -0.0007018548303431961,
        -0.0007018548303431961,
        0.001226411289668385,
        -0.0009344785789177403,
        0.00029197542492668816,
        -0.00138495929889277,
        0.00018099345280324025,
        0.00013020861134232156,
        3.548358070325832e-05,
        3.5327527126035417e-06,
        -3.869242365385491e-05,
        -3.769011806465721e-06
    ]
}