{
    "translate0": [
        0.0,
        0.0
    ],
    "twist0": [
        0.0
    ],
    "translate1": [
        -0.01639262265652087,
        -0.018178307163225434
    ],
    "twist1": [
        0.00033891779935786456
    ],
    "shape0": [
        0.000223523251386469,
        -0.001533515577224734,
        -0.00010359294981470485,
        0.002027134637120482,
        -0.0005997151703909711,
        0.00045510077001109325,
        -0.00010924470897168584,
        0.00020553956302212583,
        -0.00010041320036122613,
        0.00011488935788543528,
        7.865187007969956e-05,
        4.712161277202313e-05,
        0.00017945777876156928,
        5.360574256808945e-05,
        0.0003150676442075071,
        7.292304682465615e-05,
        0.0002318042376873279,
        -0.0007072692488372647,
        0.000762504500019643,
        -0.0008313992815961119,
        0.00017546539528145826,
        0.00017546539528145826,
        6.577618698837802e-05,
        6.577618698837802e-05,
        -0.00012017735769918466,
        -0.00012017735769918466,
        5.154674439692336e-05,
        5.154674439692336e-05,
        4.885835176024897e-06,
        4.885835176024897e-06,
        6.262261456990649e-05,
        6.262261456990649e-05,
        0.00011996686122304982,
        0.00011996686122304982,
        0.00020662307515077126,
        0.00020662307515077126,
        0.0007709739753477413,
        0.0007709739753477414,
        -0.0005218776204899741,
        -0.0005218776204899741,
        -0.0007779957066696862,
        -0.001429138180592199,
        0.0003567265151518595,
        0.0004487244634848788,
        0.00015370216732952168,
        0.00013241630531386222,
        5.868868176989003e-05,
        6.244315081016626e-05,
        8.430631978628548e-05,
        5.469367144822927e-05,
        9.594299623982228e-05,
        5.156136659622942e-05,
        -4.080296396933431e-05,
        3.792593254840855e-06,
        0.00010051326525566023,
        7.440856729554017e-06,
        0.0016168267886541687,
        6.171584903296733e-05,
        0.002530295052387431,
        -0.004065245017370016,
        -0.0011024937514763234,
        -0.0011024937514763234,
        0.00040012623185365736,
        0.00040012623185365736,
        0.00014664864043284465,
        0.00014664864043284465,
        6.30869703766746e-05,
        6.30869703766746e-05,
        6.998415786121684e-05,
        6.998415786121684e-05,
        7.413290491211162e-05,
        7.413290491211162e-05,
        -2.1066564626077973e-05,
        -2.1066564626077973e-05,
        5.00126645430291e-05,
        5.00126645430291e-05,
        0.00046946955678168437,
        0.00046946955678168437,
        -0.0005477922682287655,
        -0.0005477922682287655,
        -0.0007039186587809564,
        0.00036729232604674057,
        0.000496537660050546,
        3.748896427947795e-05,
        -0.00026030115717858845,
        0.00019031520771625097,
        -7.707963319451163e-05,
        0.00010755795931567853,
        -2.3477215857526974e-06,
        8.136250794852685e-05
    ],
    "shape1": [
        0.000223523251386469,
        -0.001533515577224734,
        -0.00010359294981470485,
        0.002027134637120482,
        -0.0005997151703909711,
        0.00045510077001109325,
        -0.00010924470897168584,
        0.00020553956302212583,
        -0.00010041320036122613,
        0.00011488935788543528,
        7.865187007969956e-05,
        4.712161277202313e-05,
        0.00017945777876156928,
        5.360574256808945e-05,
        0.0003150676442075071,
        7.292304682465615e-05,
        0.0002318042376873279,
        -0.0007072692488372647,
        0.000762504500019643,
        -0.0008313992815961119,
        0.00017546539528145826,
        0.00017546539528145826,
        6.577618698837802e-05,
        6.577618698837802e-05,
        -0.00012017735769918466,
        -0.00012017735769918466,
        5.154674439692336e-05,
        5.154674439692336e-05,
        4.885835176024897e-06,
        4.885835176024897e-06,
        6.262261456990649e-05,
        6.262261456990649e-05,
        0.00011996686122304982,
        0.00011996686122304982,
        0.00020662307515077126,
        0.00020662307515077126,
        0.0007709739753477414,
        0.0007709739753477414,
        -0.0005218776204899741,
        -0.0005218776204899741,
        -0.0007779957066696862,
        -0.001429138180592199,
        0.0003567265151518595,
        0.0004487244634848788,
        0.00015370216732952168,
        0.00013241630531386222,
        5.868868176989003e-05,
        6.244315081016626e-05,
        8.430631978628548e-05,
        5.469367144822927e-05,
        9.594299623982228e-05,
        5.156136659622942e-05,
        -4.080296396933431e-05,
        3.792593254840855e-06,
        0.00010051326525566023,
        7.440856729554017e-06,
        0.0016168267886541687,
        6.171584903296733e-05,
        0.002530295052387431,
        -0.0040652450173700155,
        -0.0011024937514763234,
        -0.0011024937514763234,
        0.00040012623185365736,
        0.00040012623185365736,
        0.00014664864043284465,
        0.00014664864043284465,
        6.30869703766746e-05,
        6.30869703766746e-05,
        6.998415786121684e-05,
        6.998415786121684e-05,
        7.413290491211162e-05,
        7.413290491211162e-05,
        -2.1066564626077973e-05,
        -2.1066564626077973e-05,
        5.00126645430291e-05,
        5.00126645430291e-05,
        0.00046946955678168437,
        0.00046946955678168437,
        -0.0005477922682287655,
        -0.0005477922682287655,
        -0.0007039186587809564,
        0.00036729232604674057,
        0.000496537660050546,
        3.748896427947795e-05,
        -0.00026030115717858845,
        0.00019031520771625097,
        -7.707963319451163e-05,
        0.00010755795931567853,
        -2.3477215857526974e-06,
        8.136250794852685e-05
    ]
}