{
    "translate0": [
        0.0,
        0.0
    ],
    "twist0": [
        0.0
    ],
    "translate1": [
        0.037865927250236096,
        -0.04638329087808989
    ],
    "twist1": [
        0.018147297989043007
    ],
    "shape0": [
        0.029285286421152364,
        0.023607626722609396,
        0.03081318221877688,
        0.01592445988491288,
        0.031107721244639005,
        0.01801082068381852,
        0.01473308704540914,
        -0.0009287826486438656,
        -0.018912668142823642
    ],
    "shape1": [
        0.04366956013973618,
        0.04973551300645,
        0.043272620154821057,
        0.041676112233197046,
        0.04129012716300523,
        0.03867775258027363,
        0.040079937275878455,
        0.04785579483809944
    ]
}