{
    "translate0": [
        0.0,
        0.0
    ],
    "twist0": [
        0.0
    ],
    "translate1": [
        0.0009552917614339246,
        0.007506765878242994
    ],
    "twist1": [
        0.0012466980847162872
    ],
    "shape0": [
        -0.005876581528564774,
        -0.0058138828041078144,
        0.001180724520995143,
        -0.0011895858068564538,
        0.004775069297694826,
        0.0018400684630387565,
        0.006050464578851085,
        0.0039019598757171685,
        -0.012375002475000002
    ],
    "shape1": [
        0.00032602443741008825,
        0.0001437548357390682,
        -0.00022922957220357826,
        -0.0008589361980328113,
        -0.000597857470188223,
        -0.0007410281769148794,
        -0.01223485950564096,
        0.005057638335980771
    ]
}