{
    "translate0": [
        0.0,
        0.0
    ],
    "twist0": [
        0.0
    ],
    "translate1": [
        -0.039793891116071296,
        -0.04638443138093182
    ],
    "twist1": [
        0.016575400641022833
    ],
    "shape0": [
        0.049290928854149714,
        -0.04770358257427844,
        -0.016906385230948045,
        0.04704264214186087,
        -0.0104107121930928,
        0.03885684548774805,
        -0.043645196884739494,
        0.0435401300924242,
        -0.031021055071912232,
        0.04056952439800605
    ],
    "shape1": [
        -0.03291036384696974,
        0.049178924449335006,
        0.026565622493995383,
        0.049774446945238825,
        0.042397334840985096,
        0.04199302943590597,
        0.032189737568615054,
        0.03365230931688547,
        0.03774898673699889,
        0.041208857668044274,
        0.021748383647233128,
        0.019327676959605716,
        0.04529921443937191,
        0.007804109389202926,
        0.024257839009453264,
        -0.00884930191851825
    ]
}