{
    "translate0": [
        0.0,
        0.0
    ],
    "twist0": [
        0.0
    ],
    "translate1": [
        -0.0004463124263086281,
        -0.048247967926954925
    ],
    "twist1": [
        -0.0006446222134461146
    ],
    "shape0": [
        0.0016408628997832586,
        -0.029149236659570078,
        0.020770931032897025,
        0.00937369546805852,
        0.02559099329894821,
        0.023235970232366572,
        0.013069475591597612,
        0.015635617259699263,
        -0.027650879079767435,
        0.00734195470059475
    ],
    "shape1": [
        0.04068594945051626,
        0.046389741497896105,
        0.02295908085404342,
        0.023146339531161922,
        0.015268242706811664,
        0.01134263842001891,
        0.014840162537240189,
        0.009430119023819648,
        0.017073521334051427,
        0.009703011808161133,
        0.011264645816783023,
        0.0021193988474260596,
        0.00998717424191831,
        0.0013363074377570614,
        -0.022908700143213428,
        -0.002405947455065187
    ]
}