{
    "translate0": [
        0.0,
        0.0
    ],
    "twist0": [
        0.0
    ],
    "translate1": [
        0.004221399347956507,
        0.004746613462628006
    ],
    "twist1": [
        0.0009484497129926642
    ],
    "shape0": [
        0.001923430027925351,
        -0.004242634989328301,
        0.0008414366997875903,
        -0.004197122582102492,
        0.004361218052604863,
        -0.005374836295339682,
        0.004227809839533057,
        -0.007650626668712419,
        0.005741003143047169
    ],
    "shape1": [
        0.0005601460924330563,
        -0.0001051840707760955,
        -0.0007375495288473178,
        -0.00042091139354885415,
        -0.01347250421644491,
        -0.008578630468685663,
        0.02560998867462202,
        0.002139642209239165
    ]
}