{
    "translate0": [
        0.0,
        0.0
    ],
    "twist0": [
        0.0
    ],
    "translate1": [
        -0.011305939266204757,
        0.00031319105967586927
    ],
    "twist1": [
        0.00010599397861268554
    ],
    "shape0": [
        0.009663033953608175,
        -0.001003516978778824,
        0.030458932371390635,
        0.0030415055778389172,
        -0.014893737472536202,
        -0.007717121999464758,
        -0.00048682673799010055,
        -0.011881439856322834,
        0.019024200735908423
    ]
}