{
    "translate0": [
        0.0,
        0.0
    ],
    "twist0": [
        0.0
    ],
    "translate1": [
        0.006642121804481307,
        0.024887074875240466
    ],
    "twist1": [
        -0.004027389574879196
    ],
    "shape0": [
        0.013337361139180314,
        -0.001673867938564865,
        0.002773403006155776,
        -0.00847445749395856,
        -0.008478348057259779,
        -0.022893926943939588,
        -0.008152845637763941,
        -0.016554186916960603,
        -0.00847166701821111
    ]
}