{
    "translate0": [
        0.0,
        0.0
    ],
    "twist0": [
        0.0
    ],
    "translate1": [
        -0.04289309446066841,
        -0.008404691834275353
    ],
    "twist1": [
        -0.004218132952713259
    ],
    "shape0": [
        0.010203930820595165,
        0.012737436825052632,
        0.006345030585300594,
        -0.0045590167928548165,
        -0.001818077790685471,
        -0.012434761515239768,
        0.0019035116111468823,
        -0.012402790209608043,
        0.008382073199392348
    ],
    "shape1": [
        0.0011331813250921498,
        -2.4252996270035922e-05,
        0.0008303628134600281,
        0.006355947405471591,
        0.018002175206007248,
        0.011114616157471904,
        -0.03528423732966509,
        -0.0014329900699759893
    ]
}