{
    "translate0": [
        0.0,
        0.0
    ],
    "twist0": [
        0.0
    ],
    "translate1": [
        -0.00898810300087867,
        0.010572481389098946
    ],
    "twist1": [
        -0.00039329369744341743
    ],
    "shape0": [
        0.003914939012291059,
        0.0015469246081995694,
        0.020279368253424232,
        0.00982378371118181,
        0.0022872658869307937,
        0.0027483397391607255,
        -0.02475000495,
        -0.02304428827199649,
        -0.003378809378289841
    ],
    "shape1": [
        0.0011994299012350336,
        0.001002728949307317,
        0.0009961469429566414,
        0.0007828625663979166,
        0.00048629889107791667,
        0.0029076779104409275,
        0.008268715321885037,
        -0.00024493024124308424
    ]
}