{
    "translate0": [
        0.0,
        0.0
    ],
    "twist0": [
        0.0
    ],
    "translate1": [
        0.04428218125490826,
        -0.008351648476229821
    ],
    "twist1": [
        -0.0034563814621391903
    ],
    "shape0": [
        -0.00576941459171592,
        0.00019054991155888538,
        -0.0010668982757332892,
        0.005897876272393966,
        0.005895847251231929,
        0.0016054857711952561,
        0.001333623832049614,
        0.0019004086820235834,
        -0.0062158532276091584,
        0.0013516925142382486,
        -0.006450473088870897,
        0.0003620363841491431,
        0.0030400652548458807,
        -1.155481365613897e-05,
        0.003837372537584259,
        -8.560854896836126e-05,
        0.002619855571203013,
        -0.00219320165133354,
        0.0007321802799613305,
        -0.002995151712874092,
        -0.0013125500811272171,
        -0.0013125500811272171,
        -0.0001394000146553547,
        -0.0001394000146553547,
        0.002258834440157569,
        0.002258834440157569,
        0.001708977202225246,
        0.001708977202225246,
        -0.0024044785739262657,
        -0.0024044785739262657,
        -0.0032887986341693623,
        -0.0032887986341693623,
        0.0017619570093088779,
        0.0017619570093088779,
        0.0014889866814663977,
        0.0014889866814663977,
        -0.00041731555701852063,
        -0.00041731555701852063,
        -0.0012394427116627054,
        -0.0012394427116627054,
        -0.006010599024262568,
        -0.007217266401934131,
        0.0022801918058095467,
        0.0033107839080358387,
        -0.00015103070590451618,
        0.0012364983341113219,
        0.00026831641115242276,
        0.0020346837890811253,
        -0.0006675290758931962,
        0.001550516847149231,
        0.0007094210513434424,
        0.0023938863968549964,
        0.0016740135684956438,
        0.001184253795538645,
        -0.00015451706654596358,
        0.0009795986985666556,
        0.007660982894268158,
        0.002902758305500853,
        0.005471316521648248,
        -0.0076333319394728035,
        -0.005592580112002556,
        -0.005592580112002556,
        0.0026785954928574473,
        0.0026785954928574473,
        0.0007104140405637572,
        0.0007104140405637572,
        0.0010276548965310636,
        0.0010276548965310636,
        0.0003571952864226199,
        0.0003571952864226199,
        0.0011328237975715123,
        0.0011328237975715123,
        0.0005879648585625503,
        0.0005879648585625503,
        -0.0009013808801272361,
        -0.0009013808801272361,
        0.0030665595519344395,
        0.0030665595519344395,
        -0.00030800348307878303,
        -0.00030800348307878303,
        0.0004358364559899302,
        -0.0019777146777927687,
        0.003926531024068929,
        -0.0008191240960327188,
        0.00124509534631654,
        0.00028768452206667913,
        0.0013001283653031137,
        0.000986155425878587,
        -0.0027288379330414063,
        0.0014577726281320598
    ],
    "shape1": [
        -0.00576941459171592,
        0.00019054991155888538,
        -0.0010668982757332892,
        0.005897876272393966,
        0.005895847251231929,
        0.0016054857711952561,
        0.001333623832049614,
        0.0019004086820235834,
        -0.0062158532276091584,
        0.0013516925142382486,
        -0.006450473088870897,
        0.0003620363841491431,
        0.0030400652548458807,
        -1.155481365613897e-05,
        0.003837372537584259,
        -8.560854896836126e-05,
        0.002619855571203013,
        -0.00219320165133354,
        0.0007321802799613305,
        -0.002995151712874092,
        -0.0013125500811272171,
        -0.0013125500811272171,
        -0.0001394000146553547,
        -0.0001394000146553547,
        0.002258834440157569,
        0.002258834440157569,
        0.001708977202225246,
        0.001708977202225246,
        -0.0024044785739262657,
        -0.0024044785739262657,
        -0.0032887986341693623,
        -0.0032887986341693623,
        0.0017619570093088779,
        0.0017619570093088779,
        0.0014889866814663977,
        0.0014889866814663977,
        -0.00041731555701852063,
        -0.00041731555701852063,
        -0.0012394427116627054,
        -0.0012394427116627054,
        -0.006010599024262568,
        -0.007217266401934131,
        0.0022801918058095467,
        0.0033107839080358387,
        -0.00015103070590451618,
        0.0012364983341113219,
        0.00026831641115242276,
        0.0020346837890811253,
        -0.0006675290758931962,
        0.001550516847149231,
        0.0007094210513434424,
        0.0023938863968549964,
        0.0016740135684956438,
        0.001184253795538645,
        -0.00015451706654596358,
        0.0009795986985666556,
        0.00766098289426816,
        0.002902758305500853,
        0.005471316521648248,
        -0.0076333319394728035,
        -0.005592580112002556,
        -0.005592580112002556,
        0.0026785954928574473,
        0.0026785954928574473,
        0.0007104140405637572,
        0.0007104140405637572,
        0.0010276548965310636,
        0.0010276548965310636,
        0.0003571952864226199,
        0.0003571952864226199,
        0.0011328237975715123,
        0.0011328237975715123,
        0.0005879648585625503,
        0.0005879648585625503,
        -0.0009013808801272361,
        -0.0009013808801272361,
        0.0030665595519344395,
        0.0030665595519344395,
        -0.00030800348307878303,
        -0.00030800348307878303,
        0.0004358364559899302,
        -0.0019777146777927687,
        0.003926531024068929,
        -0.0008191240960327188,
        0.00124509534631654,
        0.00028768452206667913,
        0.0013001283653031137,
        0.000986155425878587,
        -0.0027288379330414063,
        0.0014577726281320598
    ]
}