{
    "translate0": [
        0.0,
        0.0
    ],
    "twist0": [
        0.0
    ],
    "translate1": [
        -0.006494260526298894,
        0.002157306412693287
    ],
    "twist1": [
        -0.0002135679553560445
    ],
    "shape0": [
        0.011828728199527265,
        -0.0028323689335962715,
        0.009689661520182342,
        -0.005572825796494357,
        0.016393695343844827,
        -0.009983269532501527,
        0.010151544115303052,
        -0.006251922068953418,
        0.0019949717238981297
    ]
}