{
    "translate0": [
        0.0,
        0.0
    ],
    "twist0": [
        0.0
    ],
    "translate1": [
        -0.023745227343451407,
        0.029143588654373602
    ],
    "twist1": [
        0.10198043358637934
    ],
    "shape0": [
        0.02932967587250532,
        -0.006477086263754629,
        0.03171433199574102,
        -0.006249760894207486,
        0.013686667084216446,
        -0.019276671656967777,
        0.005144468002332005,
        -0.03018701554648092,
        -0.03737627397672758
    ],
    "shape1": [
        -0.004560310994013402,
        -0.0047759934860294,
        -0.018430187421355996,
        -0.03083424164761586,
        -0.025847986486762738,
        0.0211652033431126,
        0.02226831226813327,
        0.02335886013325381
    ]
}