{
    "translate0": [
        0.0,
        0.0
    ],
    "twist0": [
        0.0
    ],
    "translate1": [
        0.02545448935711653,
        -0.021367605936173047
    ],
    "twist1": [
        0.0008338975888611327
    ],
    "shape0": [
        -0.014083051257469423,
        -0.011376252431550535,
        0.011481037285521585,
        -0.007794715326077396,
        0.028883773883338692,
        -0.009660208344330776,
        0.0360799918067199,
        0.004750841186309126,
        -0.016917063495425634
    ],
    "shape1": [
        0.011904249230566377,
        0.00912338863676019,
        0.008626081301608055,
        0.008755801639803554,
        -0.0037929473439014035,
        -0.049999602283033906,
        -0.04809550587855209,
        0.037277978870328805
    ]
}