{
    "translate0": [
        0.0,
        0.0
    ],
    "twist0": [
        0.0
    ],
    "translate1": [
        -0.019941603176164217,
        0.04322556326037144
    ],
    "twist1": [
        0.12208243484710987
    ],
    "shape0": [
        -0.007563217732547947,
        -0.007563217727935869,
        -0.007563217737773888,
        -0.007563217742756931,
        -0.008678434010309268,
        -0.008678433988417097,
        -0.008678434034056434,
        -0.008678434051168873,
        -0.003075887763902236,
        -0.003075887763685644,
        -0.0030758877853504472,
        -0.0030758877956447916,
        0.008255727849304742,
        0.00825572785635728,
        0.0082557278412949,
        0.008255727842873161,
        0.008490902591356243,
        0.008490902593416184,
        0.008490902595706031,
        0.008490902600262102,
        0.008490902582730634,
        0.008490902574273675,
        0.00849090259090583,
        0.008490902592566893,
        0.008255727843320213,
        0.008255727847063713,
        0.008255727830034181,
        0.008255727817787802,
        -0.0030758877428981924,
        -0.0030758877105963485,
        -0.0030758877864508266,
        -0.0030758878087806547,
        -0.008678434030395083,
        -0.008678434043854051,
        -0.008678434023595891,
        -0.008678434014978696,
        -0.0075632177365484235,
        -0.007563217740310204,
        -0.007563217733021824,
        -0.007563217728880523
    ],
    "shape1": [
        -0.009633553230744812,
        -0.009633553150009522,
        -0.009633553392169597,
        -0.009633553472914617,
        -0.001875893590666398,
        -0.0018758935968081493,
        -0.0018758935785606538,
        -0.001875893572579943,
        -0.004839617753032691,
        -0.004839617765645205,
        -0.004839617727809013,
        -0.004839617715182017,
        -0.007968200330609295,
        -0.007968200343425432,
        -0.007968200305085509,
        -0.007968200292346362,
        0.007108720705491227,
        0.0071087206989950205,
        0.007108720718526806,
        0.007108720725028052,
        0.007016374863685872,
        0.007016374865743632,
        0.007016374859970802,
        0.007016374858215626,
        0.009009193632277809,
        0.009009193641910586,
        0.009009193613041866,
        0.009009193603392866,
        0.009126439068576037,
        0.009126439067182662,
        0.009126439070645713,
        0.009126439071288099,
        0.008720516899827694,
        0.00872051689934637,
        0.00872051690016303,
        0.00872051690003953
    ]
}