{
    "translate0": [
        0.0,
        0.0
    ],
    "twist0": [
        0.0
    ],
    "translate1": [
        0.033691723169590314,
        0.0008616572257064336
    ],
    "twist1": [
        -0.0024947814353194044
    ],
    "shape0": [
        -0.0023579241974328938,
        0.014582704550295542,
        0.0017081244242691,
        -0.002109098512443816,
        -0.006569062588961328,
        -0.00901361461709089,
        -0.002244502323807509,
        -0.006808812132178138,
        0.013402008165443829
    ],
    "shape1": [
        0.0010275944727105438,
        8.64333139517857e-06,
        0.00029532870087078364,
        0.002356399608249373,
        0.005694485255803628,
        0.00016081649250187895,
        0.014339042172098295,
        0.00020003659081871015
    ]
}