{
    "translate0": [
        0.0,
        0.0
    ],
    "twist0": [
        0.0
    ],
    "translate1": [
        -0.009239539277722947,
        -0.03455976472469925
    ],
    "twist1": [
        0.06542976256129195
    ],
    "shape0": [
        -0.009990521554782675,
        -0.009990521466437528,
        -0.00999052147592939,
        -0.009990521211548854,
        0.009570057793971493,
        0.009570057893328827,
        0.009570057515104214,
        0.009570057248756682,
        0.008656234660138998,
        0.008656234634476073,
        0.008656234647529655,
        0.008656234609954152,
        0.00757077497240323,
        0.007570774942351561,
        0.007570775012694288,
        0.007570775031705443,
        -0.0011920951801035467,
        -0.0011920952289826208,
        -0.001192095080580209,
        -0.0011920950275108807,
        -0.0011920951830282868,
        -0.0011920952333168387,
        -0.0011920950856172952,
        -0.001192095038782984,
        0.007570774992381972,
        0.007570774990904673,
        0.007570775015022802,
        0.007570775027474282,
        0.008656234724061455,
        0.00865623476278497,
        0.008656234709942721,
        0.008656234734017682,
        0.009570057874059616,
        0.009570057966462361,
        0.009570057768853163,
        0.00957005784320476,
        -0.009990521810368719,
        -0.009990521880621658,
        -0.009990521926019383,
        -0.009990522208664964
    ],
    "shape1": [
        -0.0099657261912211,
        -0.009965726215857451,
        -0.009965726142177287,
        -0.009965726117813583,
        0.009375756856090586,
        0.009375756845195777,
        0.009375756878001178,
        0.009375756888990417,
        0.004347883066560696,
        0.004347883074376333,
        0.004347883050548461,
        0.004347883042416652,
        0.00035945624338149966,
        0.00035945626810276923,
        0.0003594561941103066,
        0.0003594561695819277,
        0.007269354320096539,
        0.007269354306251518,
        0.007269354347963785,
        0.007269354362174773,
        -0.0012045068544319429,
        -0.0012045068105356709,
        -0.0012045069416939825,
        -0.0012045069852015362,
        0.005811377887247541,
        0.005811377792095442,
        0.00581137807396594,
        0.005811378167037692,
        0.009617968049839117,
        0.009617968103214575,
        0.009617967943105925,
        0.00961796788903046,
        0.009637534236462804,
        0.009637534031914665,
        0.00963753464775275,
        0.009637534853142248
    ]
}