{
    "translate0": [
        0.0,
        0.0
    ],
    "twist0": [
        0.0
    ],
    "translate1": [
        -0.0015685089593376188,
        0.0026574403564223847
    ],
    "twist1": [
        0.0008073151003946746
    ],
    "shape0": [
        -0.000555259314939519,
        -0.0005552592954990482,
        -0.0005552593363460189,
        -0.0005552593380495987,
        -1.812656927764927e-05,
        -1.812656066215307e-05,
        -1.812657841100836e-05,
        -1.812658055295019e-05,
        0.00010554447687559961,
        0.00010554446675563859,
        0.00010554448669877872,
        0.00010554449037242481,
        0.00023557765498953936,
        0.00023557764278189233,
        0.00023557767002788904,
        0.0002355776765440582,
        0.00022528502328901276,
        0.00022528501525846217,
        0.00022528503722457692,
        0.0002252850441496519,
        0.00022528502573434432,
        0.00022528502107926624,
        0.00022528503768934688,
        0.0002252850440885744,
        0.00023557766445317423,
        0.00023557766534741515,
        0.0002355776721045889,
        0.00023557767696893682,
        0.0001055444872144988,
        0.00010554449127869888,
        0.00010554448946859248,
        0.00010554449197380206,
        -1.8126577714702786e-05,
        -1.8126579372843008e-05,
        -1.812658281009215e-05,
        -1.8126587556226812e-05,
        -0.000555259332503621,
        -0.0005552593305359375,
        -0.0005552593540335549,
        -0.0005552593736976061
    ],
    "shape1": [
        -0.000824529365438493,
        -0.0008245293742249111,
        -0.0008245293477028546,
        -0.0008245293388505228,
        6.231506058528251e-05,
        6.231505766176107e-05,
        6.231506648191837e-05,
        6.231506942615763e-05,
        -0.00012108285388740683,
        -0.00012108284937150495,
        -0.00012108286258495632,
        -0.00012108286682878612,
        -0.00045203292447566,
        -0.00045203292509803816,
        -0.00045203292319940267,
        -0.0004520329224878852,
        0.0015847761600337692,
        0.0015847761654972094,
        0.0015847761481778285,
        0.001584776142090479,
        -0.0010031800935506908,
        -0.001003180092778749,
        -0.0010031800952971818,
        -0.001003180095545453,
        -0.00040572452360640253,
        -0.00040572451958333956,
        -0.00040572453189181065,
        -0.0004057245350649933,
        0.0014020586211162217,
        0.0014020586181455734,
        0.0014020586268513342,
        0.0014020586298554454,
        -0.0003743371011678808,
        -0.00037433708918170545,
        -0.0003743371249248941,
        -0.00037433713718598315
    ]
}