{
    "translateflap": [
        -0.0020807167094255064,
        -0.011911626065134876
    ],
    "twistflap": [
        0.009407241898916159
    ],
    "shapeMain": [
        -0.00678144774919718,
        -0.006781447750550835,
        -0.007100690981979031,
        -0.007100690981481579,
        -0.004547471070200902,
        -0.00454747107106629,
        -0.0009726616917287052,
        -0.0009726616922145539,
        0.0006700147821997718,
        0.0006700147801234618,
        0.0001875856960888601,
        0.0001875856951205284,
        0.0027335955093967077,
        0.002733595506864884,
        0.0028126768563511762,
        0.0028126768535236555,
        0.0018441870688112089,
        0.0018441870651772709,
        0.0018012069653894197,
        0.001801206961848434,
        0.001489447986346552,
        0.0014894479857585857,
        0.0014846816877305987,
        0.001484681687251867,
        0.001138258564800205,
        0.0011382585644495468,
        0.001117226450107638,
        0.0011172264496806254,
        0.0009880899969588724,
        0.000988089997270901,
        0.0009920455041738255,
        0.0009920455047385697,
        0.0010744586564215427,
        0.0010744586603729678,
        0.0010778632146116083,
        0.001077863218480293,
        0.0011348633775742517,
        0.0011348633755398226,
        0.0011420054470677875,
        0.0011420054445708064,
        0.0013096019435236222,
        0.0013096019383697537,
        0.0013277203292647,
        0.0013277203241369815,
        0.0015168328729647268,
        0.0015168328683245293,
        0.0015178290816856503,
        0.0015178290769810442,
        0.0012616184049387639,
        0.0012616183982154634,
        0.0012380923407861713,
        0.0012380923339565771,
        0.00149301873693035,
        0.0014930187314328189,
        0.0015554265025994993,
        0.0015554264973362325,
        0.0018841932592819626,
        0.0018841932547697636,
        0.001849932008240745,
        0.0018499320035989153,
        0.001745162189557272,
        0.0017451621851120951,
        0.0018439346387020784,
        0.0018439346346666285,
        0.0033922531661841854,
        0.003392253173994908,
        0.003464286832986069,
        0.0034642868431343514,
        0.005755360592241366,
        0.005755360611421802,
        0.007292145165034065,
        0.007292145181760062,
        0.008774184453857166,
        0.008774184450687866,
        0.003808543161728548,
        0.0038085431563835447,
        -0.019276470200436508,
        -0.019276470215965447,
        -0.01930395389152676,
        -0.01930395390696751
    ],
    "shapeFlap": [
        -0.020931307328464793,
        -0.020931307329091504,
        -0.02107828389367805,
        -0.021078283894293663,
        -0.010608110327867822,
        -0.010608110327524027,
        -0.009573454229270742,
        -0.009573454229000805,
        -0.001873740513096593,
        -0.0018737405130938452,
        -0.002122971201429123,
        -0.002122971201417597,
        0.006554499220465676,
        0.00655449921995516,
        0.006763631613277818,
        0.0067636316127616366,
        0.004803822707333988,
        0.004803822706742184,
        0.004632939286607707,
        0.0046329392860142106,
        0.002514422709036022,
        0.002514422708499497,
        0.0025482217376500485,
        0.0025482217371118627,
        0.002592417952231834,
        0.00259241795165323,
        0.0025332462078424553,
        0.0025332462072706298,
        0.0012237576000798766,
        0.0012237575995250629,
        0.001206284287528476,
        0.0012062842869647373,
        0.00132237295189205,
        0.001322372951240329,
        0.0013174512371976457,
        0.0013174512365436773,
        0.0007673725348782388,
        0.0007673725340373575,
        0.0007347741071234648,
        0.0007347741062725209,
        0.0005969046317109836,
        0.0005969046307757061,
        0.0006108017499565482,
        0.0006108017490212556,
        0.0009040116442835943,
        0.0009040116432973831,
        0.0009070996018977805,
        0.0009070996009078154,
        0.0001014199995051784,
        0.00010141999841700509,
        3.3608803058669957e-06,
        3.3608792104874955e-06,
        -0.0011564318713021763,
        -0.0011564318725860133,
        -0.0011541526446411667,
        -0.0011541526459364188,
        -0.00012690900233208152,
        -0.0001269090036186451,
        -4.609157927961164e-05,
        -4.6091580551139344e-05,
        0.0010811306653797906,
        0.0010811306644012216,
        0.0012158739389066982,
        0.0012158739379469694,
        0.004025135782188097,
        0.00402513578119552,
        0.004293268862504468,
        0.004293268861479944,
        0.0038365486473264363,
        0.0038365486462912874,
        0.0036234290158732897,
        0.0036234290149238135,
        0.0023091518677608594,
        0.002309151867481101,
        0.001201305397128809,
        0.0012013053967268495,
        -0.002039286616259537,
        -0.002039286613081447,
        -0.0017384291890110508,
        -0.0017384291901973807
    ]
}