{
    "translate1": [
        0.015191456382750608,
        -0.04590691682732355
    ],
    "twist1": [
        -2.3197312507231413
    ],
    "translate2": [
        -0.025307264515257992,
        0.022713513253679443
    ],
    "twist2": [
        1.016100353425158
    ],
    "translate3": [
        -0.03629654562725916,
        0.03121309198707927
    ],
    "twist3": [
        4.218533612629758
    ]
}