{
    "translateslat": [
        -0.016814394936694274,
        0.05087326083033291
    ],
    "shapeMain": [
        0.016426303015318586,
        0.01642630302880279,
        0.005733596518959294,
        0.0057335965365079705,
        0.004747742695021821,
        0.00474774269473437,
        -0.010604377122555795,
        -0.010604377127461841,
        0.007207446981115998,
        0.007207446954503285,
        -0.009795107537530372,
        -0.009795107591357488,
        0.008473495176380135,
        0.008473495132920764,
        -0.008546997743255642,
        -0.008546997819468894,
        -0.0021402255977309567,
        -0.0021402256206201364,
        -0.006895942170550518,
        -0.006895942198901821
    ],
    "shapeSlat": [
        -0.0025266476429035454,
        -0.0025266476696829757,
        -0.010223161203896715,
        -0.010223161239554931,
        0.00794351955453612,
        0.007943519513153577,
        -0.001032276627352684,
        -0.0010322766961516194,
        0.005735359782411012,
        0.005735359753768568,
        -0.005257257094974727,
        -0.005257257149374598,
        0.004725025302903851,
        0.004725025282926135,
        -0.006223401728729492,
        -0.006223401764647466,
        0.004355838498536632,
        0.004355838491896977,
        -0.0030089545533738787,
        -0.0030089545610147367
    ],
    "shapeFlap": [
        0.023119279071475127,
        0.023119279116896062,
        0.018525789078627366,
        0.018525789136865617,
        -0.007119367563405724,
        -0.007119367500979933,
        -0.01546754039110763,
        -0.015467540288553742,
        0.001731319691884377,
        0.0017313197388970495,
        -0.009349399499216763,
        -0.009349399410269429,
        -0.0016204691498709995,
        -0.0016204691116478917,
        -0.011033176464524981,
        -0.01103317639500506,
        0.0007547838814188162,
        0.000754783892009156,
        -0.0062048138855976785,
        -0.006204813870978706
    ]
}