{
    "translate0": [
        0.0,
        0.0
    ],
    "twist0": [
        0.0
    ],
    "translate1": [
        0.0030607547171032593,
        -0.0012710124631461059
    ],
    "twist1": [
        -2.5945066868028004
    ],
    "shape0": [
        0.008790556211247797,
        0.007142624114818677,
        0.004734209283148328,
        -0.007582469897623645,
        -0.004632346603162872,
        -0.0014289420837587268,
        0.0011086815622040895,
        -0.015504644971060886,
        -0.0031629214588996986,
        -0.0073506556976661,
        -0.00033412576728790905,
        -0.012265132227725267,
        -0.011907885542213646,
        -0.005340774669928283,
        0.013548956453454414
    ]
}