{
    "translate0": [
        0.0,
        0.0
    ],
    "twist0": [
        0.0
    ],
    "translate1": [
        -0.02170031187536926,
        0.01801172204197043
    ],
    "twist1": [
        -0.17007440230790177
    ],
    "shape0": [
        0.009141456575477037,
        0.04227168538453982,
        0.00406215316918774,
        -0.03719503299520456,
        0.0014581701994558246,
        0.03900030261897996,
        0.00087108913731441,
        -0.03286034193689167,
        0.0005486296189493748,
        0.03985513856553887,
        -0.0005201290191937561,
        -0.027012828203030706,
        0.021415020965455757,
        -0.006641532383572478,
        0.003040864095659832
    ]
}